funding_id,file_name,file_type,storage_path,file_order
FD001,256905141114062039787.pdf,pdf,FD001/256905141114062039787.pdf,1
FD001,256905141114184252909.pdf,pdf,FD001/256905141114184252909.pdf,2
FD001,256905181428235983547.docx,doc,FD001/256905181428235983547.docx,3
FD001,256905181428360334299.pdf,pdf,FD001/256905181428360334299.pdf,4
FD001,256905181428495648981.pdf,pdf,FD001/256905181428495648981.pdf,5
FD001,256905181429022310986.pdf,pdf,FD001/256905181429022310986.pdf,6
FD002,256905141111124879978.pdf,pdf,FD002/256905141111124879978.pdf,1
FD002,256905141111265115872.pdf,pdf,FD002/256905141111265115872.pdf,2
FD002,256905201800379442677.docx,doc,FD002/256905201800379442677.docx,3
FD002,256905201800551722598.pdf,pdf,FD002/256905201800551722598.pdf,4
FD002,256905201801114959029.pdf,pdf,FD002/256905201801114959029.pdf,5
FD002,256905201801301230367.pdf,pdf,FD002/256905201801301230367.pdf,6
FD003,256905141108364096086.pdf,pdf,FD003/256905141108364096086.pdf,1
FD003,256905141109144599988.pdf,pdf,FD003/256905141109144599988.pdf,2
FD003,256905221049452708114.docx,doc,FD003/256905221049452708114.docx,3
FD004,256905141105516347734.pdf,pdf,FD004/256905141105516347734.pdf,1
FD004,256905141106064365514.pdf,pdf,FD004/256905141106064365514.pdf,2
FD004,256905251109368748341.pdf,pdf,FD004/256905251109368748341.pdf,3
FD004,256905251109495213921.docx,doc,FD004/256905251109495213921.docx,4
FD004,256905251110006735607.pdf,pdf,FD004/256905251110006735607.pdf,5
FD004,256905251110096733401.pdf,pdf,FD004/256905251110096733401.pdf,6
FD005,256905141102346527177.pdf,pdf,FD005/256905141102346527177.pdf,1
FD005,256905211015021112039.pdf,pdf,FD005/256905211015021112039.pdf,2
FD005,256905211019445025177.pdf,pdf,FD005/256905211019445025177.pdf,3
FD005,256905211020431756544.pdf,pdf,FD005/256905211020431756544.pdf,4
FD005,256905211020533057287.docx,doc,FD005/256905211020533057287.docx,5
FD006,256905141059503414581.pdf,pdf,FD006/256905141059503414581.pdf,1
FD006,256905141100121546556.pdf,pdf,FD006/256905141100121546556.pdf,2
FD006,256905211355083516767.pdf,pdf,FD006/256905211355083516767.pdf,3
FD006,256905211355531898733.pdf,pdf,FD006/256905211355531898733.pdf,4
FD006,256905211356084238827.pdf,pdf,FD006/256905211356084238827.pdf,5
FD006,256905211356281004839.pdf,pdf,FD006/256905211356281004839.pdf,6
FD006,256905221341037423171.pdf,pdf,FD006/256905221341037423171.pdf,7
FD006,256905251428379231525.pdf,pdf,FD006/256905251428379231525.pdf,8
FD006,256905251428519769410.docx,doc,FD006/256905251428519769410.docx,9
FD007,ประกาศ๑๕_๒๕๖๙.pdf,pdf,FD007/ประกาศ๑๕_๒๕๖๙.pdf,1